Destination,Origin,Transit_Times,Lat,Lon
SW18 3DD,N1 7NB,61.333333333333336,51.447437,-0.183814
SW8 4HB,N1 7NB,32.25,51.476318,-0.138372
E5 9QD,N1 7NB,36.3,51.55892,-0.052841999999999986
N1 8DS,N1 7NB,10.35,51.531803,-0.099747
N22 6ES,EC1V 8DQ,35.21666666666667,51.596583,-0.106256
SW17 9PX,EC1V 8DQ,52.85,51.426562,-0.154276
W9 3BL,EC1V 8DQ,47.88333333333333,51.531868,-0.204332
N18 1JH,EC1V 8DQ,58.483333333333334,51.613288,-0.091103
N7 6JT,EC1V 8DQ,33.8,51.560782,-0.120671
SE23 2JL,EC2Y 8BT,54.35,51.438313,-0.043241
SW12 8AH,EC2Y 8BT,34.05,51.453312,-0.151772
SW11 5EB,EC2Y 8BT,44.71666666666667,51.46392700000001,-0.157736
E14 6QB,EC2Y 8BT,32.0,51.518845,-0.012938
SW2 2BU,EC2Y 8BT,43.11666666666667,51.450767,-0.118974
SW8 2DN,EC2Y 8BT,31.866666666666667,51.476279,-0.124045
SW2 3LR,EC2Y 8BT,43.95,51.448048,-0.123288
N7 8AS,EC2Y 8BT,26.783333333333335,51.545358,-0.110518
N22 7HA,EC2Y 8BT,39.766666666666666,51.59931,-0.115904
N13 4SD,EC2Y 8BT,45.983333333333334,51.611512,-0.119818
E10 7BD,EC1V 8EH,59.05,51.566894,-0.019891
N10 2BN,EC1V 8EH,52.55,51.596412,-0.142302
N15 3AD,EC1V 8EH,47.666666666666664,51.583631,-0.092808
N5 1PW,EC1V 8EH,22.166666666666668,51.55158400000001,-0.106784
N22 8JB,EC1V 8EH,37.81666666666667,51.605658,-0.111959
N8 9HS,EC1V 8EH,39.35,51.578349,-0.119282
SW9 0UZ,EC1V 8EH,32.63333333333333,51.467638,-0.116279
CR7 8PU,EC1V 8EH,61.083333333333336,51.405701,-0.096511
SE11 5BX,EC1V 8EH,22.833333333333332,51.484419,-0.112923
E9 7AB,N1 7NY,42.61666666666667,51.543947,-0.04415
E9 6ET,N1 7NY,41.083333333333336,51.549267,-0.049345
NW10 3BX,N1 7NY,56.516666666666666,51.535132,-0.228542
SW16 2DZ,N1 7NY,59.766666666666666,51.427385,-0.128465
SE19 3PU,N1 7NY,76.85,51.414732,-0.090527
SW2 2NN,N1 7NY,53.56666666666667,51.448088,-0.111788
SW17 7HJ,N1 7NY,39.4,51.439552,-0.164299
E1 5RX,N1 7NY,26.85,51.522842,-0.057725
N1 7HL,EC2A 4AN,11.283333333333333,51.532453,-0.090293
SE11 5QN,EC2A 4AN,21.366666666666667,51.486522,-0.112304
N6 4HP,EC2A 4AN,25.116666666666667,51.577334,-0.149765
SW1P 4BL,EC2A 4AN,29.916666666666668,51.493785,-0.131192
SE16 5SP,EC2A 4AN,27.516666666666666,51.505558,-0.043633
N17 8DD,EC2A 4AN,42.083333333333336,51.604647,-0.069746
SW17 9AD,N1 7HS,46.15,51.424079,-0.165078
N16 8TB,N1 7HS,25.483333333333334,51.556144,-0.081393
N7 8GB,N1 7HS,24.016666666666666,51.552023,-0.113935
W12 0EB,N1 7HS,53.11666666666667,51.516411,-0.228649
SW2 1LT,N1 7HS,41.083333333333336,51.456465,-0.115429
SW17 9SS,N1 7HS,48.78333333333333,51.421014,-0.162856
SE5 8NY,N1 7HS,45.93333333333333,51.471995,-0.083788
SW11 1BW,N1 7HS,46.06666666666667,51.45824,-0.168401
SE8 3JP,N1 7HS,56.666666666666664,51.483808,-0.021361
SE21 8JD,EC1V 8EL,49.083333333333336,51.441756,-0.104495
SE8 3DL,EC1V 8EL,36.483333333333334,51.481725,-0.023654
CR4 2AL,EC1V 8EL,58.25,51.414517,-0.15746500000000002
E5 9BJ,EC1V 8EL,52.43333333333333,51.572679,-0.062644
N18 1JH,EC1V 8EL,56.4,51.613288,-0.091103
W10 5BF,EC2Y 8DR,35.78333333333333,51.526398,-0.211236
N5 2RG,EC2Y 8DR,34.18333333333333,51.553542,-0.090013
SE15 6BD,EC2Y 8DR,48.166666666666664,51.48165,-0.077579
SE11 5LH,EC2Y 8DR,29.016666666666666,51.486986,-0.11711
E17 6RR,EC2Y 8DR,28.116666666666667,51.58607,-0.024932
NW8 8TJ,EC2Y 8DR,25.466666666666665,51.526047,-0.165768
SE23 2AB,EC2Y 8DR,57.8,51.440816,-0.039105
NW3 6EN,EC2Y 8DR,26.933333333333334,51.55035,-0.183483
N15 5DG,EC2Y 8DR,33.06666666666667,51.584482,-0.080416
SE22 8QB,EC2Y 8DR,40.75,51.457026,-0.080704
N15 3QX,EC2Y 8DR,40.18333333333333,51.586984,-0.091964
W2 5HD,EC2Y 8DR,29.983333333333334,51.52157,-0.193695
W6 7JE,EC2Y 8DR,39.95,51.493743,-0.218652
SE5 8AN,EC1V 9NT,43.88333333333333,51.46432100000001,-0.088558
E14 2DA,EC1V 9NT,21.883333333333333,51.508209,-0.001382
SW19 2NE,EC1V 9NT,38.333333333333336,51.415639,-0.183795
NW1 4DH,EC1V 9ES,27.75,51.529698,-0.144038
SW9 0LJ,EC1V 9ES,24.616666666666667,51.479014,-0.113463
SE24 9NN,EC1V 9ES,50.65,51.455601,-0.094824
E1 4BB,EC1V 9ES,33.11666666666667,51.522083,-0.051545000000000014
N19 4AS,EC1V 9ES,25.833333333333332,51.566307,-0.129908
NW10 3DP,EC1V 9ES,51.3,51.541418,-0.224434
SE27 0PS,EC1V 9ES,52.666666666666664,51.433131,-0.107743
E3 2AG,EC1V 9ES,30.95,51.529046,-0.025916
N8 9HN,N1 7RB,38.333333333333336,51.579321,-0.118261
E5 9JS,N1 7RB,40.96666666666667,51.561458,-0.054594
NW1 0JU,N1 7RB,22.983333333333334,51.535935,-0.13816099999999998
E5 0RU,N1 7RB,35.7,51.556498,-0.052123
SW11 5HS,N1 7RB,37.28333333333333,51.475562,-0.14854
CR4 1XN,N1 7RB,65.7,51.400046,-0.127856
E5 9QP,N1 7RB,37.333333333333336,51.557811,-0.051042
SW19 8EF,N1 7RB,65.9,51.438028,-0.197065
SW1V 3NB,N1 7RB,30.05,51.487016,-0.135905
E3 3RZ,EC1V 3SL,37.333333333333336,51.517351,-0.020311000000000003
SE1 7EQ,EC1V 3SL,28.2,51.499215,-0.116534
N15 6DA,EC1V 3SL,38.483333333333334,51.57801,-0.062547
NW5 4RH,EC1V 3SL,28.8,51.549808,-0.149912
E17 7BP,EC1V 3SL,34.416666666666664,51.585754,-0.02115
N22 6QD,EC1V 3SL,39.766666666666666,51.594899,-0.101663
N17 6SY,N1 7QH,37.083333333333336,51.598251,-0.068487
SE6 4DP,N1 7QH,61.983333333333334,51.432796,-0.035449
SE8 4NS,N1 7QH,28.666666666666668,51.478244,-0.026267
N17 0AR,N1 7QH,41.25,51.60142000000001,-0.065984
SW4 8LG,N1 7QH,43.88333333333333,51.451855,-0.133063
NW6 7UU,N1 7QH,45.266666666666666,51.53929,-0.201603
SW11 5QR,EC1V 3SN,39.666666666666664,51.469505,-0.152788
N4 2SP,EC1V 3SN,26.8,51.563195,-0.099102
W2 4PU,EC1V 3SN,38.85,51.513673,-0.192379
E9 7NQ,EC1V 3SN,29.166666666666668,51.537222,-0.054518
E3 4TD,EC1V 3SN,29.766666666666666,51.52399000000001,-0.032737
SW15 2RG,EC1V 3SN,53.45,51.458013,-0.203158
W10 6ET,EC1V 3SN,41.733333333333334,51.519165,-0.215109
N4 4PH,EC1V 3SN,29.3,51.573303,-0.108075
N7 8BA,EC2Y 8BN,24.783333333333335,51.544729,-0.11278
E1 1QB,EC2Y 8BN,18.983333333333334,51.513933,-0.063322
SE22 8PY,EC2Y 8BN,36.28333333333333,51.457832,-0.081071
W10 6JE,EC2Y 8BN,33.38333333333333,51.517412,-0.213376
E14 4EF,EC2Y 8BN,23.366666666666667,51.507393,-0.021175
NW1 9SX,EC2Y 8BN,27.966666666666665,51.542407,-0.132849
SE1 8YS,EC1Y 4SB,30.833333333333332,51.505483,-0.114849
E2 0HJ,EC1Y 4SB,16.133333333333333,51.526934,-0.053933
E17 6BT,EC1Y 4SB,42.8,51.591665,-0.036326
E3 2AQ,EC1Y 4SB,25.3,51.528658,-0.024737
N1 9QD,N1 7QQ,16.766666666666666,51.532264,-0.11269
N22 7XH,N1 7QQ,42.016666666666666,51.59957,-0.132758
SE15 3UE,N1 7QQ,48.28333333333333,51.4613,-0.059029
SW5 0PH,N1 7QQ,43.4,51.49323,-0.18986
SW16 6SW,N1 7QQ,54.81666666666667,51.42564,-0.14768199999999998
N15 3LR,N1 7QQ,44.38333333333333,51.589036,-0.095584
NW2 4NT,N1 7QQ,44.016666666666666,51.55223,-0.220493
W2 4BQ,N1 7QQ,39.36666666666667,51.514978,-0.191304
NW6 2EB,N1 7QQ,40.083333333333336,51.547265,-0.202096
SE13 7NB,N1 7NW,42.666666666666664,51.469697,-0.01434
E5 0JE,N1 7NW,50.13333333333333,51.552334,-0.040633
SW7 5HR,N1 7NW,42.5,51.497531,-0.180124
N15 4SH,N1 7NW,30.383333333333333,51.586201,-0.07558
SW4 8LG,N1 7NW,40.9,51.451855,-0.133063
SW16 5QW,N1 7NW,55.233333333333334,51.409355,-0.13134400000000002
W14 0BJ,N1 7NW,45.3,51.50029,-0.221062
SE27 9LF,N1 7NW,52.43333333333333,51.434397,-0.100972
E2 9HT,N1 7NW,27.283333333333335,51.533752,-0.052993
N7 7LX,EC1V 2NR,21.466666666666665,51.557502,-0.110765
E17 7NE,EC1V 2NR,33.766666666666666,51.579083,-0.02766
W10 6EN,EC1V 2NR,39.733333333333334,51.519638,-0.215494
SW6 6JS,EC1V 2NR,54.93333333333333,51.480245,-0.219797
SW2 3LR,EC1V 2NR,43.2,51.448048,-0.123288
SW16 4HY,EC1V 2NR,54.483333333333334,51.405503,-0.128295
SE14 5TW,N1 7JW,44.46666666666667,51.467637,-0.048595
SE19 2BG,N1 7JW,49.68333333333333,51.41659,-0.074932
E3 4BT,N1 7JW,38.88333333333333,51.521317,-0.022978
E14 0HH,N1 7JW,41.71666666666667,51.51165,-0.014981
SE5 9JA,N1 7LT,49.96666666666667,51.471356,-0.1037
N4 1UH,N1 7LT,39.5,51.577067,-0.093934
W14 9BS,N1 7LT,48.083333333333336,51.49187,-0.210226
SW11 2SL,N1 7LT,42.1,51.468706,-0.175267
N16 5EA,N1 7LT,44.1,51.572555,-0.08304
E5 0JP,EC1V 3TR,46.68333333333333,51.556144,-0.043138
NW2 1TA,EC1V 3TR,47.63333333333333,51.561945,-0.212972
SE24 0DU,EC1V 3TR,41.15,51.455522,-0.102099
N22 5AU,EC1V 3TR,43.583333333333336,51.607835,-0.105355
N1 4DD,EC1V 3TR,21.216666666666665,51.544983,-0.078546
W12 7EN,EC1V 3TR,45.43333333333333,51.507409,-0.230272
W12 7QE,EC1V 3TR,46.68333333333333,51.513505,-0.2315
SE5 0NF,EC1V 3TR,34.333333333333336,51.482152,-0.096742
CR7 8ND,EC1V 3TR,53.85,51.402113,-0.099291
N1 8DF,EC1V 3TR,8.433333333333334,51.531602,-0.101745
N10 2QE,N1 7EX,47.333333333333336,51.595805,-0.133476
N15 4DY,N1 7EX,39.78333333333333,51.587892,-0.068522
N16 6JU,N1 7EX,36.18333333333333,51.566307,-0.061227
SE4 1PE,N1 7EX,40.46666666666667,51.46912800000001,-0.030203
SE8 3QS,EC1V 3RR,43.9,51.488863,-0.035849
NW6 4TD,EC1V 3RR,39.6,51.541356,-0.195018
SE1 6RP,EC1V 3RR,24.1,51.496465,-0.093827
SW11 5HY,EC1V 3RR,55.85,51.472958,-0.152793
N18 1PZ,EC1V 3RR,58.35,51.617595,-0.07624600000000001
N15 5EH,EC1V 3RR,39.21666666666667,51.585713,-0.085344
SE21 8EE,EC1V 3RR,67.93333333333334,51.433585,-0.094661
N4 1AA,EC1V 3RR,29.5,51.577749,-0.102161
SE11 4JJ,EC2Y 8ND,30.566666666666666,51.487071,-0.106764
E3 4SR,EC2Y 8ND,17.2,51.523877,-0.033506
NW3 3JR,EC2Y 8ND,26.666666666666668,51.54349600000001,-0.16945
NW1 0BL,EC2Y 8ND,24.433333333333334,51.537669,-0.139157
E1 5DY,EC2Y 8ND,16.633333333333333,51.522173,-0.058575
E17 9PX,EC2Y 8ND,34.63333333333333,51.581082,-0.01874
E17 7QP,EC2Y 8ND,36.7,51.582188,-0.020309
N7 6EZ,EC2Y 8ND,33.61666666666667,51.556161,-0.114586
SE6 3BH,EC2Y 8ND,51.766666666666666,51.437879,-0.021706
CR7 6JU,EC2Y 8ND,65.05,51.398848,-0.118733
E1 2QH,EC2Y 8ND,19.883333333333333,51.511492,-0.054389
N12 0PS,EC2Y 8ND,53.81666666666667,51.609501,-0.170652
NW5 2BA,EC1M 7AJ,30.366666666666667,51.548725,-0.133211
N16 7NY,EC1M 7AJ,36.71666666666667,51.559995,-0.07371699999999999
E3 4PU,N1 6EJ,31.416666666666668,51.524203,-0.032007
WC1N 3PF,N1 6EJ,26.633333333333333,51.521103,-0.119306
E15 2AS,N1 6EJ,39.4,51.551493,-0.002068
E3 2NX,N1 6EJ,43.05,51.537139,-0.02202
W1T 4BN,N1 6EJ,23.333333333333332,51.522215,-0.138274
SE15 4LF,N1 6EJ,44.31666666666667,51.465016,-0.072261
SE24 0NP,N1 6EJ,48.46666666666667,51.455011,-0.106105
NW1 1NY,N1 6EJ,23.616666666666667,51.533565,-0.135576
SW12 9RW,N1 6EJ,35.78333333333333,51.442061,-0.145449
E10 5HQ,N1 6EJ,50.1,51.563516,-0.018537
NW10 5PT,N1 7ER,44.416666666666664,51.531631,-0.226559
SW6 3TQ,N1 7ER,62.65,51.472608,-0.196134
SW11 6DS,N1 7ER,47.2,51.457529,-0.16781
SW11 3NG,N1 7ER,62.5,51.476885,-0.173846
SE16 2PU,N1 7ER,40.95,51.491713,-0.048158
W10 6UD,N1 7ER,50.75,51.514318,-0.219262
E17 8HL,N1 7ER,44.28333333333333,51.570287,-0.030205000000000006
N12 0LP,N1 7ER,50.18333333333333,51.611055,-0.159079
NW11 9HT,N1 7ER,36.53333333333333,51.579207,-0.211617
SE27 0RS,N1 7ER,62.7,51.429474,-0.10847
SE24 9BB,N1 7ER,48.166666666666664,51.443317,-0.105351
NW3 3NY,EC1V 9EX,33.61666666666667,51.542704,-0.171155
N4 2HR,EC1V 9EX,28.566666666666666,51.563472,-0.095138
NW8 9HE,EC1V 9EX,45.416666666666664,51.527973,-0.176103
E3 5BT,EC1V 9EX,27.533333333333335,51.528994,-0.035679
SW4 7RA,EC1V 9EX,26.366666666666667,51.460576,-0.128993
N16 6QB,EC1V 9EX,39.78333333333333,51.570278,-0.067566
W9 2BW,EC1V 9EX,38.166666666666664,51.522504,-0.199425
SW19 7LP,EC1V 9EX,55.0,51.430112,-0.199204
SW17 8TQ,EC1V 9ET,38.733333333333334,51.425889,-0.163495
N8 0BL,EC1V 9ET,30.783333333333335,51.582299,-0.103834
SW16 4HL,EC1V 9ET,53.083333333333336,51.405443,-0.136953
E1 4QA,EC1V 9ET,36.75,51.526247,-0.039704
N1 5TQ,EC1V 9ET,12.666666666666666,51.538097,-0.085829
N5 1GD,EC1V 9ET,20.15,51.556898,-0.108268
SE1 3DL,EC1V 9ET,30.1,51.497879,-0.077387
NW10 2QX,EC1V 9ET,37.2,51.546255,-0.230317
N14 6BZ,EC2Y 8DN,44.1,51.630659,-0.124994
E1 3HS,EC2Y 8DN,19.766666666666666,51.516609,-0.052787
NW1 6EJ,EC2Y 8DN,22.7,51.525582,-0.163609
N1 7JL,EC2Y 8DN,24.75,51.53362,-0.093688
N19 5RP,EC2Y 8DN,30.316666666666666,51.56282,-0.134033
SW4 6HR,EC2Y 8DN,36.43333333333333,51.46780800000001,-0.138747
N4 3HR,EC2Y 8DN,27.183333333333334,51.563788,-0.109091
SE17 2BY,EC2Y 8DN,33.88333333333333,51.48383,-0.090983
W8 6JN,EC2Y 8DN,38.65,51.495512,-0.194366
N16 6DT,EC2Y 8DN,40.95,51.574662,-0.065648
N15 4RN,EC2Y 8DN,25.3,51.58469,-0.073363
SE15 3ED,EC2Y 8DN,52.71666666666667,51.456723,-0.048759
SW16 5PG,EC2Y 8DN,46.71666666666667,51.421276,-0.132785
E2 6AN,EC2Y 8DN,24.25,51.527262,-0.065639
N1 7LR,EC2Y 8DN,20.166666666666668,51.530148,-0.09082
E14 6TH,N1 7QX,41.36666666666667,51.519972,-0.012586
E2 8DP,N1 7QX,13.183333333333334,51.529646,-0.077173
E17 7AP,N1 7QX,38.733333333333334,51.582317,-0.037075
NW5 1DA,N1 7QX,27.916666666666668,51.558926,-0.141954
N15 4NU,N1 7QX,28.65,51.580717,-0.071323
NW2 6BU,N1 7QX,51.61666666666667,51.556471,-0.218452
SW16 5AR,N1 7QX,50.233333333333334,51.418794,-0.140178
N18 1NE,N1 7QX,57.63333333333333,51.618242,-0.084452
E5 0LS,EC2Y 8BU,50.86666666666667,51.554229,-0.044821
SE5 8SG,EC2Y 8BU,41.833333333333336,51.471702,-0.091734
EC1R 1UB,EC2Y 8BU,15.0,51.526451,-0.106847
W14 0BQ,EC2Y 8BU,29.533333333333335,51.501686,-0.218255
E5 0NF,EC2Y 8BU,54.53333333333333,51.552204,-0.046969
E1 8NB,EC2Y 8BU,21.216666666666665,51.509294,-0.071012
SE23 2AF,EC2Y 8BU,51.5,51.439529,-0.036383
SW11 3TL,EC2Y 8BU,55.05,51.475581,-0.172689
N22 7XN,EC2Y 8BU,47.46666666666667,51.600279,-0.132079
N7 8HW,EC1V 9EU,17.8,51.548435,-0.116175
SW15 2JX,EC1V 9EU,47.333333333333336,51.46520200000001,-0.212795
N2 8HN,EC1V 9EU,41.11666666666667,51.598202,-0.17438399999999998
EC1V 0EP,EC1V 9EU,14.666666666666666,51.526633,-0.103091
EC1V 8DD,EC1V 9EU,11.7,51.527986,-0.098883
W14 9JX,EC1V 9EU,42.05,51.488509,-0.207419
N11 1JQ,EC1V 9EU,48.55,51.627179,-0.14598599999999998
SE16 7UF,EC1V 9EU,35.166666666666664,51.494784,-0.035018
SW19 8PB,EC1V 9EU,48.96666666666667,51.423803,-0.191886
N8 7LN,EC1V 9EU,36.7,51.591251,-0.12425
N6 5DW,EC1V 9EU,40.5,51.575687,-0.13111099999999998
SW2 3BJ,EC1Y 0RA,48.43333333333333,51.437734000000006,-0.118819
NW8 9RS,EC1Y 0RA,35.03333333333333,51.528191,-0.176984
N4 1NU,EC1Y 0RA,46.666666666666664,51.57847,-0.088983
E10 7NB,EC1Y 0RA,55.4,51.56655,-0.027093
E1 2PN,EC1Y 0RA,24.533333333333335,51.512478,-0.056252
NW2 2RS,EC1Y 0RA,46.43333333333333,51.555977,-0.209614
N7 9FB,EC2Y 8BD,28.516666666666666,51.548104,-0.123025
NW6 1PJ,EC2Y 8BD,33.18333333333333,51.549398,-0.193459
SW12 9LH,EC2Y 8BD,33.0,51.450094,-0.145023
SW9 0UZ,EC2Y 8BD,30.833333333333332,51.467638,-0.116279
SE15 4UG,EC2Y 8BD,31.616666666666667,51.468319,-0.066362
E1 2NN,EC2Y 8BD,17.966666666666665,51.512086,-0.05874500000000001
E1 4RT,EC2Y 8BL,27.15,51.518419,-0.036768
N1 7HG,EC2Y 8BL,16.35,51.532614,-0.08877
SW11 5NY,EC2Y 8BL,35.88333333333333,51.462774,-0.155364
SW18 5SL,EC2Y 8BL,58.266666666666666,51.45004,-0.201053
W12 7DP,EC2Y 8BL,35.13333333333333,51.506526,-0.224897
E9 7SF,EC2Y 8BL,32.06666666666667,51.538021,-0.054469
SW16 4QY,EC2Y 8BL,73.45,51.404162,-0.114762
SW4 8QW,EC2Y 8BL,32.15,51.452058,-0.140165
E1 3ER,EC2Y 8BL,23.3,51.515955,-0.053492999999999985
N13 5QT,EC2Y 8BL,60.25,51.623286,-0.085526
NW5 1UE,EC2Y 8BL,24.016666666666666,51.554119,-0.141587
N7 6JS,EC2Y 8BL,41.016666666666666,51.560782,-0.120671
N22 6RX,EC2Y 8BL,38.88333333333333,51.597178,-0.094006
SE15 2JU,N1 7HL,43.63333333333333,51.475762,-0.05699
SE5 0UE,N1 7HL,31.6,51.478113,-0.099445
N5 2NL,N1 7HL,21.5,51.548967,-0.092888
SE16 3ES,N1 7HL,52.46666666666667,51.488128,-0.063551
N17 6JN,N1 7HL,52.96666666666667,51.59296,-0.08195
EC2A 4AN,N1 7HL,11.283333333333333,51.524799,-0.08705
E2 8HR,N1 7HL,16.833333333333332,51.53087,-0.075045
SW5 9HB,EC1V 3RP,42.733333333333334,51.490922,-0.19763
E14 3DJ,EC1V 3RP,38.18333333333333,51.488956,-0.008274
N1 5TQ,EC1V 3RP,20.083333333333332,51.538097,-0.085829
SW2 3HD,EC1V 3RP,46.9,51.439589,-0.124052
E1 0BH,EC1V 3RP,28.533333333333335,51.510554,-0.060643
SE5 0YP,EC1V 3RP,36.61666666666667,51.479156,-0.101087
N4 2SZ,EC1V 3RP,31.183333333333334,51.561349,-0.093971
SW17 0ER,EC1V 3RP,40.333333333333336,51.42966,-0.168325
SE14 5LX,EC1V 3RP,51.13333333333333,51.469074,-0.047382
CR7 8PA,N1 6TD,62.61666666666667,51.407081,-0.098955
N16 6DF,N1 6TD,47.38333333333333,51.57687,-0.062134
SW11 1XG,N1 6TD,48.06666666666667,51.460343,-0.16204000000000002
E2 7AS,N1 6TD,17.466666666666665,51.531067,-0.064613
SW11 3TJ,N1 6TD,62.916666666666664,51.476336,-0.17093
E14 9FE,N1 6TD,41.25,51.50055800000001,-0.012639
N4 4NJ,N1 6TD,38.25,51.572875,-0.107155
SW10 0EF,N1 6TD,57.75,51.481517,-0.177939
N22 5AU,N1 6TD,56.93333333333333,51.607835,-0.105355
SW11 5EL,N1 6TD,42.166666666666664,51.462633,-0.156118
E17 6LU,N1 6TD,36.11666666666667,51.582368,-0.039599
W14 9BN,N1 6TD,48.05,51.49279600000001,-0.214338
SE5 8HU,N1 6TD,44.56666666666667,51.461854,-0.090029
W8 6JQ,EC1V 8DE,48.8,51.496001,-0.193468
SE1 6RJ,EC1V 8DE,28.75,51.495352,-0.093369
N12 0PH,EC1V 8DE,55.86666666666667,51.609648,-0.173203
SW18 4BP,EC1V 8DE,62.61666666666667,51.454104,-0.194507
SE5 8ND,EC1V 8DE,48.18333333333333,51.472694,-0.080361
SE4 1XX,EC1V 8DE,44.21666666666667,51.462091,-0.029383
SW11 2AE,EC1V 8BE,55.81666666666667,51.461796,-0.176205
SE27 0QG,EC1V 8BE,81.61666666666666,51.425149,-0.109066
SE6 4EQ,EC1V 8BE,50.55,51.437239,-0.034928
N16 8DH,EC1V 8BE,30.433333333333334,51.553249,-0.077043
SE15 3DG,EC1V 8BE,57.88333333333333,51.456985,-0.049352
SE14 5HT,EC1Y 8SE,43.9,51.476563,-0.049957
N10 2LD,EC1Y 8SE,46.8,51.594914,-0.137425
E14 8JX,EC1Y 8SE,39.68333333333333,51.499679,-0.027142000000000003
SE14 5XG,EC1Y 8SE,50.86666666666667,51.480671,-0.046628
E17 7AL,EC1Y 8SE,33.13333333333333,51.581579,-0.03653
SW18 5QD,EC1Y 8SE,65.56666666666666,51.449617,-0.215721
W2 6DH,EC1Y 8SE,32.53333333333333,51.515024,-0.181473
W10 4ED,EC1Y 8SE,48.7,51.530433,-0.214596
SW12 0LZ,EC1V 3RB,44.81666666666667,51.446519,-0.14246199999999998
NW6 5LA,EC1V 3RB,44.38333333333333,51.531286,-0.19334
NW6 6DT,EC1V 3RB,47.3,51.539713,-0.210411
N16 9AR,EC1V 3RB,30.283333333333335,51.55677100000001,-0.086214
N4 3PJ,EC1V 3RB,28.95,51.564011,-0.110669
E8 4SH,EC1V 3RB,26.733333333333334,51.53738900000001,-0.068411
WC1H 8HG,N1 7PS,20.75,51.527977,-0.123478
E3 3RD,N1 7PS,40.18333333333333,51.519745,-0.020409
W14 9HG,N1 7PS,48.983333333333334,51.488544,-0.209693
SW19 8JY,N1 7PS,59.2,51.426651,-0.19231
N18 1NP,N1 7PS,69.21666666666667,51.619411,-0.078914
SE20 8NQ,N1 7PS,49.68333333333333,51.41584,-0.06489600000000001
NW5 4PS,N1 7PS,36.0,51.551422,-0.15399000000000002
SW10 9JJ,N1 7PS,48.266666666666666,51.487153,-0.187638
SE19 1ET,N1 7PS,57.71666666666667,51.421632,-0.08848500000000001
SE24 9AF,N1 7PU,49.9,51.447456,-0.10328
N17 9BU,N1 7PU,36.583333333333336,51.593297,-0.068004
SW9 0LS,N1 7PU,24.883333333333333,51.480175,-0.112983
N17 7PZ,N1 7PU,41.766666666666666,51.599191,-0.09077
SE27 0SZ,EC1Y 8TB,66.68333333333334,51.427516,-0.109773
E1W 3EF,EC1Y 8TB,29.916666666666668,51.510002,-0.049149
NW6 6DB,EC1Y 8TB,49.083333333333336,51.535001,-0.21750300000000006
E5 8JH,EC1Y 8TB,38.11666666666667,51.55245,-0.056926
E3 4TD,EC2Y 8NH,22.6,51.52399000000001,-0.032737
WC1N 1BL,EC2Y 8NH,20.033333333333335,51.525952,-0.123388
CR4 3SH,EC2Y 8NH,54.05,51.412671,-0.174551
E2 0SD,EC2Y 8NH,26.516666666666666,51.529499,-0.044322
SW11 2SU,EC2Y 8NH,49.75,51.469327,-0.1753
E1 0DT,EC2Y 8NH,29.45,51.51280300000001,-0.049375
N2 8BS,EC2Y 8NH,40.416666666666664,51.590735,-0.168404
N10 3LS,EC2Y 8NH,46.46666666666667,51.590722,-0.14585399999999998
E1 5LA,EC2Y 8NH,21.65,51.518292,-0.068066
SW10 9PA,EC2Y 8NH,40.266666666666666,51.486829,-0.176056
N1 7HJ,EC1V 3RH,11.783333333333333,51.533193,-0.087866
E14 8LQ,EC1V 3RH,37.6,51.500357,-0.025197
N22 5AT,EC1V 3RH,64.15,51.607761,-0.108351
SE1 5EY,EC1V 3RH,46.166666666666664,51.487006,-0.069158
NW11 0NU,EC1V 3SS,35.6,51.577917,-0.19839
SE8 5DY,EC1V 3SS,35.68333333333333,51.491221,-0.041898000000000005
N19 4LD,EC1V 3SS,40.78333333333333,51.563047,-0.124026
W12 7DP,EC1V 3SS,41.85,51.506526,-0.224897
E10 5NS,EC1V 3SS,34.55,51.557654,-0.008506
E14 0HQ,EC1V 3SS,29.5,51.509387,-0.007758
W9 3NG,EC1V 3SS,38.31666666666667,51.523368,-0.202994
SE24 9LD,EC1V 3SS,43.5,51.454141,-0.094036
SW8 1EL,EC1V 3SS,32.6,51.479404,-0.120979
SW17 0EB,EC1V 3SS,42.96666666666667,51.432127,-0.173675
SW9 7RG,N1 7SL,35.46666666666667,51.475938,-0.108982
SW11 5SS,N1 7SL,49.4,51.463937,-0.15898800000000002
NW5 2AH,N1 7SL,38.733333333333334,51.545636,-0.137419
N7 0PP,N1 7SL,32.266666666666666,51.557722,-0.12500899999999998
NW3 2YH,N1 7SL,30.033333333333335,51.548916,-0.15896300000000002
N15 3RL,EC1Y 8QB,39.1,51.58581,-0.094593
E14 3SD,EC1Y 8QB,55.31666666666667,51.49345,-0.026763
N18 2TP,EC1Y 8QB,46.81666666666667,51.611906,-0.066
N7 0RN,EC1Y 2AN,26.85,51.55657100000001,-0.11832
W9 1LY,EC1Y 2AN,38.03333333333333,51.527465,-0.187551
SW18 1SG,EC1Y 2AN,57.733333333333334,51.458935,-0.199336
E14 6QT,EC1Y 2AN,35.583333333333336,51.519592,-0.011249
SW11 3NG,EC1Y 2AN,61.05,51.476885,-0.173846
E17 8DU,EC1Y 2AN,40.016666666666666,51.573959,-0.027175
N5 1BL,EC1Y 2AN,20.7,51.55660200000001,-0.101772
E15 2BP,EC1Y 2AN,31.0,51.552436,-0.004652
E2 8LE,EC1Y 2AN,18.366666666666667,51.531195,-0.074556
N19 3HR,EC2Y 8DD,34.13333333333333,51.568792,-0.126184
W2 6HP,EC2Y 8DD,29.933333333333334,51.515771,-0.180925
N22 6RP,EC2Y 8DD,36.75,51.592894,-0.100014
SE5 0EB,EC2Y 8DD,31.55,51.478168,-0.095108
SE13 7UL,EC2Y 8DD,34.6,51.458112,-0.015275
SW6 5AE,EC2Y 8DD,51.6,51.475497,-0.207411
SW6 6DZ,EC2Y 8DD,57.78333333333333,51.473802,-0.214821
N11 2LT,EC1Y 8NQ,37.38333333333333,51.609912,-0.129445
E1W 2JG,EC1Y 8NQ,25.616666666666667,51.50729000000001,-0.059654999999999986
SE27 9PT,EC1Y 8NQ,62.6,51.428677,-0.092607
N1 9RT,EC1Y 8NQ,18.266666666666666,51.534221,-0.120323
CR4 1BT,EC1V 9NS,48.96666666666667,51.406515,-0.148973
W10 5SD,EC1V 9NS,39.56666666666667,51.521428,-0.211373
SW15 2PW,EC1V 9NS,45.78333333333333,51.463761,-0.213845
N4 3DG,EC1V 9NS,27.05,51.568496,-0.114252
SW12 9RT,EC1V 9NS,29.683333333333334,51.442852,-0.148295
SW12 0JF,EC1V 9NS,37.96666666666667,51.445682,-0.13902799999999998
N15 6AH,EC1Y 8QL,47.61666666666667,51.576691,-0.06765399999999999
E1 0DT,EC1Y 8QL,27.216666666666665,51.51280300000001,-0.049375
SE13 7TR,EC1Y 8QL,39.86666666666667,51.465778,-0.022947
E17 8EF,EC1Y 8QL,54.46666666666667,51.57172,-0.027185
SW17 8UB,EC1Y 8QL,35.31666666666667,51.43330200000001,-0.156824
SW16 6AF,EC1Y 8QL,51.233333333333334,51.425942,-0.133875
W6 0BD,EC1Y 8QL,47.0,51.497808,-0.231748
E8 4HY,EC1Y 8QL,23.383333333333333,51.537872,-0.071015
SE21 8LE,N1 6DS,46.63333333333333,51.443917,-0.10239
N4 4NJ,N1 6DS,29.316666666666666,51.572875,-0.107155
N22 5QA,N1 6DS,45.85,51.600965,-0.100904
SW18 5SJ,N1 7HG,70.96666666666667,51.45111,-0.201601
N17 0AR,N1 7HG,70.8,51.60142000000001,-0.065984
E9 5DY,N1 7HG,43.75,51.542438,-0.037292
N16 8SY,N1 7HG,24.383333333333333,51.55436,-0.077343
W10 6NP,N1 7HG,48.75,51.519687,-0.218115
WC1X 0EH,N1 7HG,24.683333333333334,51.527365,-0.110024
E14 7JF,N1 7HG,27.916666666666668,51.512067,-0.039765
SW11 1JQ,N1 7HG,46.11666666666667,51.463124,-0.163325
SE20 7LX,N1 7HG,59.11666666666667,51.41889000000001,-0.049781
N9 9TT,N1 7HG,60.38333333333333,51.622396,-0.07506
EC2Y 8BL,N1 7HG,16.35,51.518822,-0.091135
N15 4JH,N1 7HG,43.983333333333334,51.590128,-0.073754
N16 5EW,N1 7HG,34.45,51.569417,-0.083591
NW2 4EP,N1 6TR,49.78333333333333,51.54843,-0.212237
E9 5QT,N1 6AA,58.233333333333334,51.550889,-0.033395
NW8 8TL,N1 6AA,48.05,51.526214,-0.165545
W12 7EX,N1 6AA,45.166666666666664,51.50642,-0.228028
SE8 4LA,N1 6AA,43.55,51.468372,-0.016816
NW1 1BS,N1 6AA,16.133333333333333,51.530374,-0.133919
E8 1PB,N1 6AA,20.8,51.545961,-0.064212
SW8 2EN,N1 6AA,33.333333333333336,51.475801,-0.132431
N18 1QQ,N1 6JB,55.983333333333334,51.619239,-0.074501
SW6 6RA,N1 6JB,67.1,51.476978,-0.211975
E17 6LR,N1 6JB,40.733333333333334,51.58739,-0.031241
N8 7PF,N1 6JB,38.11666666666667,51.58643,-0.120782
SW8 3SR,N1 6JB,44.666666666666664,51.471068,-0.148089
SE26 5HF,N1 6JB,48.31666666666667,51.425847,-0.044709
N1 6TZ,N1 7HD,7.116666666666666,51.532037,-0.083676
E17 7NY,N1 7HD,43.266666666666666,51.580361,-0.028254
N11 2LA,N1 7HD,55.016666666666666,51.61307100000001,-0.127871
N17 6RQ,N1 7HD,55.35,51.595891,-0.073683
CR7 7ER,N1 7HD,60.88333333333333,51.394748,-0.104788
E15 2RF,N1 7HD,64.26666666666667,51.530656,-0.006267
N17 9XH,N1 7HD,54.45,51.598406,-0.063686
NW1 3SE,EC1V 3SU,34.75,51.530898,-0.139203
SE5 8PF,EC1V 3SU,44.31666666666667,51.471194,-0.084326
N1 5ED,EC1V 3SU,14.266666666666667,51.53605200000001,-0.088253
SW12 8JL,EC1V 3SU,35.96666666666667,51.446312,-0.154375
W9 3HN,EC1V 3SU,48.833333333333336,51.530766,-0.201059
E3 4HY,EC1V 8BA,36.36666666666667,51.520194,-0.02947
E3 5TB,EC1V 8BA,50.266666666666666,51.533251,-0.040701
N22 7AD,EC1V 8BA,41.516666666666666,51.600092,-0.129387
SE15 4AF,EC1V 8BA,41.0,51.463105,-0.07797
NW3 4BL,EC1V 8BA,29.183333333333334,51.549451,-0.170177
E14 8AH,EC1V 3SR,32.9,51.509935,-0.029567000000000006
SW2 2AP,EC1V 3SR,50.21666666666667,51.449434,-0.119446
SE14 5RZ,EC1V 3SR,37.38333333333333,51.483652,-0.047422000000000006
E14 3GW,EC1V 3SR,42.13333333333333,51.488988,-0.018659
N1 5JA,EC1V 3SR,16.083333333333332,51.53482800000001,-0.082275
SW9 7TW,EC1V 3SR,45.05,51.467953,-0.105122
SW12 9LQ,EC1V 3SR,34.06666666666667,51.449699,-0.145111
SW11 2LT,EC1V 3SR,42.583333333333336,51.469737,-0.17393
N16 6DD,EC1V 3SR,46.11666666666667,51.574795,-0.061167999999999986
NW5 1BN,EC1V 3SR,28.7,51.556483,-0.145545
SW19 8JP,EC1M 7AH,52.416666666666664,51.42615900000001,-0.198295
E3 2PJ,EC1M 7AH,31.466666666666665,51.529849,-0.015805
N8 9SY,EC1M 7AH,46.2,51.57935,-0.12116
W9 1AN,EC1M 7AH,28.866666666666667,51.523632,-0.181635
N17 9PL,N1 7HJ,34.81666666666667,51.584277,-0.056507
SE21 7JB,N1 7HJ,65.83333333333333,51.447896,-0.09267
E5 9RB,N1 7HJ,34.53333333333333,51.561284,-0.046796
EC1V 3RH,N1 7HJ,11.783333333333333,51.527129,-0.095401
SW17 0DQ,N1 7HJ,54.7,51.431617,-0.182543
E2 7BA,N1 7HJ,18.033333333333335,51.528109,-0.070649
NW1 1LL,N1 7HJ,19.6,51.528401,-0.130885
N7 0BH,EC1V 8EN,31.333333333333332,51.549861,-0.127164
SE16 2PU,EC1V 8EN,37.18333333333333,51.491713,-0.048158
E17 6AH,EC1V 8EN,41.8,51.594708,-0.038635
N5 2JD,EC1V 8EN,25.716666666666665,51.550758,-0.088038
E2 9JA,EC1V 8EN,35.916666666666664,51.534496,-0.053379
N10 3UA,EC1V 8EN,55.06666666666667,51.584775,-0.14391700000000002
N14 6DQ,EC1V 8EN,43.25,51.628386,-0.124568
NW3 6EY,EC1V 8EN,41.833333333333336,51.548654,-0.18482
N4 4EB,EC1V 8EN,45.85,51.574721,-0.113486
SW10 0QP,EC1V 8EN,55.766666666666666,51.48226,-0.185254
E8 3QQ,EC1V 8EN,36.2,51.543013,-0.057227
SW18 5AE,EC2Y 8DP,58.55,51.44171400000001,-0.197596
SE27 0RW,EC2Y 8DP,50.8,51.429686,-0.112173
E14 9RZ,EC2Y 8DP,30.666666666666668,51.50129,-0.018168
SW15 2PW,EC2Y 8DP,52.05,51.463761,-0.213845
WC1H 8HZ,EC2Y 8DP,14.816666666666666,51.52654,-0.121331
SE4 2BD,EC2Y 8DP,47.85,51.458406,-0.036422
SE8 3QY,EC2Y 8DP,41.266666666666666,51.489912,-0.035112
SW11 2BW,EC2Y 8DP,47.43333333333333,51.463335,-0.179124
NW1 9HE,N1 7HB,36.233333333333334,51.54688,-0.131397
N1 0UX,N1 7HB,32.13333333333333,51.538277,-0.122016
SE14 5BA,N1 7HB,59.583333333333336,51.475893,-0.048099
W9 3DB,N1 7HB,49.38333333333333,51.531772,-0.203355
SE13 7RJ,N1 7HB,51.65,51.469989,-0.017797
NW3 2JX,N1 7HB,38.31666666666667,51.555165,-0.15548
SW2 5DE,N1 7HB,45.38333333333333,51.455022,-0.124715
N15 5DA,N1 7HB,27.916666666666668,51.584473,-0.07662000000000001
SE4 1RD,N1 7NN,49.88333333333333,51.451505,-0.035682
N17 7LE,N1 7NN,52.8,51.604919,-0.088002
E5 9DN,N1 7NN,41.71666666666667,51.564016,-0.056476
SW2 5DF,N1 7NN,40.3,51.455168,-0.123687
N7 9DD,N1 7NN,34.25,51.544105,-0.120377
SW3 5AY,N1 7NN,45.63333333333333,51.483313,-0.173129
SE19 1SS,N1 7NN,56.43333333333333,51.421473,-0.079315
SE26 6AG,EC2Y 8BX,50.68333333333333,51.431653,-0.06842899999999999
SW18 5QA,EC2Y 8BX,64.1,51.450432,-0.213689
N13 5HB,EC2Y 8BX,48.63333333333333,51.61897800000001,-0.10321500000000003
SW16 5LL,EC2Y 8BX,56.516666666666666,51.418001,-0.133235
NW6 6BP,EC2Y 8BX,38.05,51.536816,-0.199022
SW6 7DB,EC2Y 8BX,47.266666666666666,51.47988,-0.204704
N4 3LG,EC2Y 8BX,27.4,51.565745,-0.112776
CR7 7RP,EC1V 9EL,51.55,51.401666,-0.105549
SW5 9LA,EC1V 9EL,42.666666666666664,51.488687,-0.194981
NW3 3JU,EC1V 9EL,30.783333333333335,51.543593,-0.166432
N19 5QA,EC1V 3RX,26.816666666666666,51.559589,-0.137267
SE4 1JH,EC1V 3RX,46.21666666666667,51.452158,-0.025838
E14 3AJ,EC1V 3RX,40.35,51.488161,-0.014431
E1 8BH,EC1V 3RX,24.133333333333333,51.513212,-0.067604
NW3 2JX,EC1V 3RX,40.28333333333333,51.555165,-0.15548
SW17 8TJ,EC1V 3RX,43.35,51.425281,-0.16203800000000002
E5 9LF,EC1V 3RX,44.31666666666667,51.567106,-0.058408
NW2 5SS,EC1V 3RX,36.53333333333333,51.549075,-0.223487
NW10 2RJ,N1 6HL,48.3,51.544257,-0.227207
N13 5DY,N1 6HL,56.81666666666667,51.618811,-0.09233
N15 6TX,N1 6HL,40.8,51.578887,-0.065584
N16 5BN,N1 6HL,34.5,51.567365,-0.079637
N16 7DT,N1 7SH,39.666666666666664,51.563155,-0.066832
SE17 2DS,N1 7SH,35.56666666666667,51.488124,-0.091279
N1 1ET,N1 7SH,24.083333333333332,51.541313,-0.10836400000000003
SW19 8DN,EC1Y 8NE,50.46666666666667,51.428607,-0.188503
SW16 2EQ,EC1Y 8NE,47.31666666666667,51.425487,-0.129593
W9 3BE,EC1Y 8NE,41.333333333333336,51.527868,-0.203855
N18 2LP,EC1Y 8NE,59.38333333333333,51.614517,-0.053727
SE5 9DR,EC1Y 8NE,43.266666666666666,51.470767,-0.09952
CR7 6HD,EC1Y 8NE,67.93333333333334,51.394237,-0.117197
N12 0PG,EC1Y 8NE,47.416666666666664,51.608341,-0.172952
E8 4PR,EC1Y 8NE,25.3,51.53624,-0.06362899999999999
SE5 8LY,EC1Y 8NE,40.733333333333334,51.472173,-0.079274
SW16 5BY,N1 6TL,43.983333333333334,51.41731,-0.133925
SW16 5BQ,N1 6TL,49.4,51.415284,-0.141644
N18 1NU,N1 6TL,66.23333333333333,51.618668,-0.077486
E8 3AA,N1 6TL,24.1,51.54333,-0.06653200000000001
SE24 0HU,N1 6TL,57.55,51.463205,-0.100136
N1 6PN,N1 6TL,7.583333333333333,51.532195,-0.081795
SE26 6DP,N1 6TL,46.11666666666667,51.423897,-0.057277
N4 3NH,N1 6TL,26.85,51.563752,-0.109669
SE13 5AG,N1 6TL,37.15,51.464478,-0.008333
SW17 9NE,N1 7EL,47.266666666666666,51.425824,-0.16741
SW11 5JW,N1 7EL,59.36666666666667,51.473302,-0.155198
W10 5LY,N1 7EL,50.46666666666667,51.520395,-0.210275
W6 8NJ,N1 7EL,62.766666666666666,51.485844,-0.216036
NW6 5QT,N1 7EL,51.06666666666667,51.533758,-0.196183
SW1V 4AX,N1 7EL,47.46666666666667,51.487681,-0.14666700000000002
NW11 9QR,EC1V 8DD,48.31666666666667,51.58456500000001,-0.20914
E1 5LD,EC1V 8DD,31.466666666666665,51.518559,-0.070017
N1 8DZ,EC1V 8DD,12.333333333333334,51.535368,-0.102728
N17 0BN,EC1V 8DD,44.85,51.601414,-0.06236000000000001
N8 8DF,EC1V 8DD,52.166666666666664,51.577312,-0.124737
N1 5DD,EC1V 8DD,19.866666666666667,51.536421,-0.08783200000000001
EC1V 9EU,EC1V 8DD,11.7,51.526366,-0.08996900000000001
SW18 1SG,EC1V 9NH,62.4,51.458935,-0.199336
SW15 1JU,EC1V 9NH,64.41666666666667,51.468775,-0.220076
N7 9SB,EC1V 9NH,34.733333333333334,51.555906,-0.117222
W14 8SE,EC1V 9NH,54.7,51.494076,-0.208574
SW16 6QT,N1 7LR,51.68333333333333,51.420464,-0.149071
E3 4PA,N1 7LR,41.5,51.526227,-0.030855
EC2Y 8DN,N1 7LR,20.166666666666668,51.51991500000001,-0.095298
E5 9HD,N1 7LR,48.68333333333333,51.568125,-0.05317
SW15 2QT,N1 7LR,62.05,51.458222,-0.205079
E10 7PA,N1 7LR,51.21666666666667,51.56683,-0.031625
